<?xml version="1.0" encoding="UTF-8"?>
<!DOCTYPE suite SYSTEM "https://testng.org/testng-1.0.dtd">
<suite name="Suite">	
  <test thread-count="2" name="Test search in Chrome">
	  <parameter name="browser" value="chrome" />
    <classes>
      <class name="testScenario.PetProducts"/>       
    </classes>
  </test> <!-- Test -->
  
  <test thread-count="2" name="Test search in Edge">
	  <parameter name="browser" value="edge" />
    <classes>		
      <class name="testScenario.PetProducts"/>
    </classes>
  </test> <!-- Test -->
</suite> <!-- Suite -->


