<?xml version="1.0" encoding="UTF-8"?>
<!DOCTYPE suite SYSTEM "https://testng.org/testng-1.0.dtd">
<suite name="Suite" thread-count="5" >
<listeners>
<listener class-name="Utilities.Extentreports"></listener>
</listeners>
  <test name="Testing">
  <parameter name="os" value="windows"/>
    <parameter name="browser" value="chrome"/>
    <groups>
    <run>
    <include name="regression"/>
     <!--exclude name="regression"></exclude-->
    </run>
    </groups>
    <classes>
      <class name="TestCases.testcase_travelinsurance"/>
       <class name="TestCases.testcase_carinsurance"/>
      <class name="TestCases.testcase_healthinsurance"/>
      </classes>
  </test> 
</suite> 